,shortcode,post_type,username,object_1,object_2,object_3,object_4,object_5,object_6
0,CrWBniBAG0b,GraphVideo,instagram,No Object,No Object,No Object,No Object,No Object,No Object
1,CrTeAxnud3C,GraphVideo,instagram,No Object,No Object,No Object,No Object,No Object,No Object
2,CrRK-JgA-tD,GraphSidecar,instagram,No Object,No Object,No Object,No Object,No Object,No Object
3,CrQ4xFXAjUV,GraphVideo,instagram,No Object,No Object,No Object,No Object,No Object,No Object
4,CrOiqZ0g5uS,GraphVideo,instagram,No Object,No Object,No Object,No Object,No Object,No Object
5,CrOUj49uGRr,GraphVideo,instagram,No Object,No Object,No Object,No Object,No Object,No Object
6,CrJYehaAhbh,GraphSidecar,instagram,No Object,No Object,No Object,No Object,No Object,No Object
7,CrBchdZtbO4,GraphVideo,instagram,No Object,No Object,No Object,No Object,No Object,No Object
8,Cq-2sfnsP-x,GraphVideo,instagram,No Object,No Object,No Object,No Object,No Object,No Object
9,Cq3I9ulJE6b,GraphImage,instagram,No Object,No Object,No Object,No Object,No Object,No Object
0,CrUE3a6tRs4,GraphSidecar,cristiano,2 people,people playing football,people playing soccer,ball,No Object,No Object
1,CrK_zvLAofv,GraphImage,cristiano,1 person,baby,No Object,No Object,No Object,No Object
2,CrGMggNq1Cb,GraphSidecar,cristiano,1 person,playing football,playing soccer,ball,stadium,No Object
3,CrEHoMbK0_C,GraphImage,cristiano,1 person,st,"ing, phone, wrist watch, screen and tablet",No Object,No Object,No Object
4,Cq8QZGDIix1,GraphImage,cristiano,‎2 people,people golfing,golf course,text,No Object,No Object
5,CqxINLiOCPK,GraphVideo,cristiano,No Object,No Object,No Object,No Object,No Object,No Object
6,CqoZ8pRo91y,GraphSidecar,cristiano,1 person,playing football,playing soccer,ball,stadium,No Object
7,CqjQjCII98k,GraphSidecar,cristiano,2 people,people playing football,people playing soccer,text,No Object,No Object
8,CqeFZMFotaH,GraphSidecar,cristiano,1 person,playing football,playing soccer,cake,pie,No Object
9,CqcihSbAxaH,GraphVideo,cristiano,No Object,No Object,No Object,No Object,No Object,No Object
10,CqaIEd2Dtey,GraphVideo,cristiano,No Object,No Object,No Object,No Object,No Object,No Object
11,CqVplNzD-Rq,GraphVideo,cristiano,No Object,No Object,No Object,No Object,No Object,No Object
0,Cra8IRetvaD,GraphImage,leomessi,1 person,playing football,playing soccer,cleats,No Object,No Object
1,CrX_ap2ND34,GraphSidecar,leomessi,1 person,playing soccer,,No Object,No Object,No Object
2,CrUHRtzNU1v,GraphSidecar,leomessi,3 people,people playing football,people playing soccer,stadium,text,No Object
3,CrG1zcBNFQj,GraphSidecar,leomessi,‎1 person,playing football,playing soccer,stadium,text,No Object
4,CrBD0t6A9TB,GraphVideo,leomessi,No Object,No Object,No Object,No Object,No Object,No Object
5,Cq8fgKmMKUF,GraphVideo,leomessi,No Object,No Object,No Object,No Object,No Object,No Object
6,CqylP2gNluK,GraphSidecar,leomessi,‎2 people,people playing football,people playing soccer,stadium,text,No Object
7,CqpuojyLhzb,GraphVideo,leomessi,No Object,No Object,No Object,No Object,No Object,No Object
8,CqWzeG3Nr4l,GraphSidecar,leomessi,8 people,people playing football,people playing soccer,stadium,No Object,No Object
9,CqT54JdrbzD,GraphSidecar,leomessi,2 people,people playing football,people playing soccer,No Object,No Object,No Object
10,CqS7ZF-OU1T,GraphVideo,leomessi,No Object,No Object,No Object,No Object,No Object,No Object
11,CqOECn_LXQ8,GraphSidecar,leomessi,1 person,playing football,playing soccer,text,No Object,No Object
0,CrRGHjjLvYl,GraphImage,selenagomez,2 people,dinner jacket,No Object,No Object,No Object,No Object
1,CrCpfpVt3Zq,GraphImage,selenagomez,1 person,lipstick,makeup,No Object,No Object,No Object
2,CqjAyPyOC_r,GraphSidecar,selenagomez,2 people,crowd,concert,No Object,No Object,No Object
3,Cqafk-jj5HV,GraphImage,selenagomez,1 person,hair,eyeliner,makeup,lipstick,No Object
4,CqSxXsdu4I7,GraphSidecar,selenagomez,1 person,makeup,lipstick,eyeliner,text,No Object
5,CqQfTxiOMMF,GraphImage,selenagomez,4 people,makeup,bra,No Object,No Object,No Object
6,CqENlgtuTNe,GraphSidecar,selenagomez,3 people,gown,dress,wedding,No Object,No Object
7,Cp-XrldOSS0,GraphSidecar,selenagomez,3 people,crowd,concert,text,No Object,No Object
8,Cpv2SBMrAGY,GraphSidecar,selenagomez,1 person,hair,No Object,No Object,No Object,No Object
9,CpiqBfkONWp,GraphImage,selenagomez,1 person,child,bangs,smiling,No Object,No Object
10,CpS0P4XuDm4,GraphSidecar,selenagomez,3 people,people fishing,northern pike,No Object,No Object,No Object
0,CrZF-9AydyP,GraphSidecar,kyliejenner,1 person,hair,makeup,No Object,No Object,No Object
1,CrULOLuPfAU,GraphSidecar,kyliejenner,1 person,blonde hair,makeup,chewing bubblegum,eyewear,fishnet stockings
2,CrQ-4wSpbhC,GraphImage,kyliejenner,1 person,makeup,magazine,No Object,No Object,No Object
3,CrOlxFrpJJ_,GraphVideo,kyliejenner,No Object,No Object,No Object,No Object,No Object,No Object
4,CrL0uq1J1XN,GraphSidecar,kyliejenner,1 person,makeup,girdle,No Object,No Object,No Object
5,CrL0VKMJy-L,GraphImage,kyliejenner,1 person,dress,No Object,No Object,No Object,No Object
6,CrKdwGFuOKh,GraphImage,kyliejenner,1 person,leather,magazine,turtleneck,miniskirt,text
7,CrFPeFlriwz,GraphSidecar,kyliejenner,1 person,coat,jacket,top,No Object,No Object
8,CrBkzMiLhEo,GraphSidecar,kyliejenner,‎one or more people,makeup,brush,text,No Object,No Object
9,Cq56eczJjKo,GraphSidecar,kyliejenner,3 people,people dancing,No Object,No Object,No Object,No Object
10,Cq4MNCJJSyx,GraphImage,kyliejenner,11 people,baby,polaroid,No Object,No Object,No Object
0,CrbVuYBvEwx,GraphVideo,therock,No Object,No Object,No Object,No Object,No Object,No Object
1,CraIJeaO7bw,GraphImage,therock,5 people,dinner jacket,No Object,No Object,No Object,No Object
2,CrZlOaoJ4vo,GraphVideo,therock,No Object,No Object,No Object,No Object,No Object,No Object
3,CrW1ISOOAMi,GraphVideo,therock,No Object,No Object,No Object,No Object,No Object,No Object
4,CrWu6oIRoXF,GraphVideo,therock,No Object,No Object,No Object,No Object,No Object,No Object
5,CrSouzjOZO9,GraphVideo,therock,No Object,No Object,No Object,No Object,No Object,No Object
6,CrR-1gIs58_,GraphVideo,therock,No Object,No Object,No Object,No Object,No Object,No Object
7,CrPZrR8AiHm,GraphVideo,therock,No Object,No Object,No Object,No Object,No Object,No Object
8,CrMOQoQPVMV,GraphSidecar,therock,1 person,playing football,football helmet,magazine,stadium,text
9,CrHuYzwv0UM,GraphVideo,therock,No Object,No Object,No Object,No Object,No Object,No Object
10,CrG_s0Qupe8,GraphVideo,therock,No Object,No Object,No Object,No Object,No Object,No Object
11,CrET8sRLMdS,GraphVideo,therock,No Object,No Object,No Object,No Object,No Object,No Object
0,CrGmE3ustlr,GraphImage,arianagrande,No Object,No Object,No Object,No Object,No Object,No Object
1,CqP2ljXsMXv,GraphSidecar,arianagrande,2 people,makeup,headscarf,dress,No Object,No Object
2,Cpxgw3pM3gV,GraphImage,arianagrande,poster,costume,text,No Object,No Object,No Object
3,CpC_qxYLxv6,GraphVideo,arianagrande,No Object,No Object,No Object,No Object,No Object,No Object
4,CpCKVrjo-J9,GraphSidecar,arianagrande,2 people,makeup,No Object,No Object,No Object,No Object
5,Co8FVlurtE8,GraphVideo,arianagrande,No Object,No Object,No Object,No Object,No Object,No Object
6,CmBR9PXM6Xj,GraphImage,arianagrande,No Object,No Object,No Object,No Object,No Object,No Object
7,ClnrAMTLVZq,GraphVideo,arianagrande,No Object,No Object,No Object,No Object,No Object,No Object
8,Cli-df7M6JQ,GraphSidecar,arianagrande,No Object,No Object,No Object,No Object,No Object,No Object
9,ClMLu4usx2Y,GraphSidecar,arianagrande,No Object,No Object,No Object,No Object,No Object,No Object
0,CrbMB6XLHQn,GraphSidecar,kimkardashian,1 person,girdle,No Object,No Object,No Object,No Object
1,CrZRaT4ScPc,GraphSidecar,kimkardashian,1 person,eyeliner,makeup,No Object,No Object,No Object
2,CrWZCm9v6JD,GraphImage,kimkardashian,skyscraper,twilight,buildings,tower,window,No Object
3,CrPbcLKuBu6,GraphSidecar,kimkardashian,1 person,jumpsuit,No Object,No Object,No Object,No Object
4,CrMxRuFOM2J,GraphSidecar,kimkardashian,5 people,people smiling,portable cassette player,No Object,No Object,No Object
5,CrJT4B8pT5a,GraphSidecar,kimkardashian,1 person,chopsticks,No Object,No Object,No Object,No Object
6,CrHHnh8vfGv,GraphSidecar,kimkardashian,1 person,child,beret,No Object,No Object,No Object
7,CrBcbYGr2mg,GraphSidecar,kimkardashian,5 people,text,No Object,No Object,No Object,No Object
8,Cq-z0nQOLvq,GraphImage,kimkardashian,2 people,fingernails,fur,No Object,No Object,No Object
0,CqLUeUppDYs,GraphSidecar,beyonce,2 people,makeup,people kissing,suit,overcoat,dinner jacket
1,CqLUQ_upwT0,GraphImage,beyonce,1 person,magazine,text,No Object,No Object,No Object
2,Cp3vzkhp1Ug,GraphSidecar,beyonce,1 person,makeup,dress,No Object,No Object,No Object
3,CoZ98CJDHRZ,GraphVideo,beyonce,No Object,No Object,No Object,No Object,No Object,No Object
4,CoZJBmpuIlD,GraphSidecar,beyonce,miniskirt,drawstring,top,No Object,No Object,No Object
5,CoTojVarwg_,GraphSidecar,beyonce,one or more people,makeup,No Object,No Object,No Object,No Object
6,CoRHCpauzUG,GraphImage,beyonce,one or more people,makeup,dress,miniskirt,No Object,No Object
7,CoHxOQhrTHX,GraphImage,beyonce,costume,tinfoil,fishnet stockings,headdress,No Object,No Object
8,CkhUy2bL0_9,GraphImage,beyonce,No Object,No Object,No Object,No Object,No Object,No Object
